{
    "id": "SBTb8lnr-8c",
    "updated_at": "2022-01-22T05:36:46-05:00",
    "username": "jasudev",
    "name": "노 경섭",
    "first_name": "노",
    "last_name": "경섭",
    "twitter_username": "jasu",
    "portfolio_url": null,
    "bio": null,
    "location": null,
    "links": {
        "self": "https://api.unsplash.com/users/jasudev",
        "html": "https://unsplash.com/@jasudev",
        "photos": "https://api.unsplash.com/users/jasudev/photos",
        "likes": "https://api.unsplash.com/users/jasudev/likes",
        "portfolio": "https://api.unsplash.com/users/jasudev/portfolio",
        "following": "https://api.unsplash.com/users/jasudev/following",
        "followers": "https://api.unsplash.com/users/jasudev/followers"
    },
    "profile_image": {
        "small": "https://images.unsplash.com/profile-fb-1556670859-721f104479ee.jpg?ixlib=rb-1.2.1&q=80&fm=jpg&crop=faces&cs=tinysrgb&fit=crop&h=32&w=32",
        "medium": "https://images.unsplash.com/profile-fb-1556670859-721f104479ee.jpg?ixlib=rb-1.2.1&q=80&fm=jpg&crop=faces&cs=tinysrgb&fit=crop&h=64&w=64",
        "large": "https://images.unsplash.com/profile-fb-1556670859-721f104479ee.jpg?ixlib=rb-1.2.1&q=80&fm=jpg&crop=faces&cs=tinysrgb&fit=crop&h=128&w=128"
    },
    "instagram_username": null,
    "total_collections": 0,
    "total_likes": 0,
    "total_photos": 4,
    "accepted_tos": true,
    "for_hire": false,
    "social": {
        "instagram_username": null,
        "portfolio_url": null,
        "twitter_username": "jasu",
        "paypal_email": null
    }
}
